<?xml version="1.0" encoding="UTF-8"?>
	<beans xmlns="http://www.springframework.org/schema/beans"
	xmlns:xsi="http://www.w3.org/2001/XMLSchema-instance"
	xmlns:context="http://www.springframework.org/schema/context"
	xmlns:mvc="http://www.springframework.org/schema/mvc"
	xsi:schemaLocation="http://www.springframework.org/schema/mvc
		http://www.springframework.org/schema/mvc/spring-mvc-3.0.xsd
		http://www.springframework.org/schema/beans
		http://www.springframework.org/schema/beans/spring-beans-3.0.xsd
		http://www.springframework.org/schema/context
		http://www.springframework.org/schema/context/spring-context-3.0.xsd">

 <mvc:default-servlet-handler/>

  <context:component-scan base-package="br.com.ifpe.belezamaster" />

   <bean class="org.springframework.web.servlet.view.InternalResourceViewResolver">
	 <property name="prefix" value="/view/" />
	 <property name="suffix" value=".jsp" />
  </bean>

  <bean id="multipartResolver"
    class="org.springframework.web.multipart.commons.CommonsMultipartResolver">
    <property name="maxUploadSize" value="1000000000000" />
 </bean>
 
 <mvc:annotation-driven conversion-service="conversionService" />
    <bean id="conversionService" class="org.springframework.context.support.ConversionServiceFactoryBean">
 
</bean>
</beans>